Name,T1,T2,T3,,,
Tom Cruise,N77VA,,,,,
Michael Jordan,N236MJ,,,,,
Taylor Swift,N631MM,N898TS,,,,
Jim Carrey ,N162JC,,,,,
John Travolta,N707JT,,,,,
Alex Rodriguez,N313AR,,,,,
Mark Wahlberg,N143MW,,,,,
Floyd Mayweather,N151SD,,,,,
Jim Carrey,N162JC,,,,,
Steven Spielberg,EJM650,,,,,
Oprah Winfrey,N540W,,,,,
Blake Shelton,N958TB,,,,,
Kylie Jenner,N810KJ,,,,,
Kim Kardashian,N1980K,,,,,
Jay-Z,N444SC,N60GF,,,,
Travis Scott,N713TS,,,,,
Drake,ELX842,,,,,
Tiger Woods,EJM517,,,,,
Dan Bilzerian,N701DB,,,,,
Alan Sugar,G-SUGA,,,,,
Jerry Seinfeld,N743QS,,,,,
Jack Nicklaus,N1JN,,,,,
Donald Trump,N757AF,,,,,